,,Cell Swelling Over Time (Normalized to t=0) (%) (per cell ID),Cell Swelling Over Time (Normalized to t=0) (%) (per cell ID),Cell Swelling Over Time (Normalized to t=0) (%) (per cell ID),Cell Swelling Over Time (Normalized to t=0) (%) (per cell ID),Cell Swelling Over Time (Normalized to t=0) (%) (per cell ID),Cell Swelling Over Time (Normalized to t=0) (%) (per cell ID),Cell Swelling Over Time (Normalized to t=0) (%) (per cell ID),Cell Swelling Over Time (Normalized to t=0) (%) (per cell ID),Cell Swelling Over Time (Normalized to t=0) (%) (per cell ID),Cell Swelling Over Time (Normalized to t=0) (%) (per cell ID),Cell Swelling Over Time (Normalized to t=0) (%) (per cell ID),Cell Swelling Over Time (Normalized to t=0) (%) (per cell ID),Cell Swelling Over Time (Normalized to t=0) (%) (per cell ID)
,,1,2,3,4,5,6,7,8,9,10,11,12,13
Time (Minutes),0,100.0,100.0,100.0,100.0,100.0,100.0,100.0,100.0,100.0,100.0,100.0,100.0,100.0
Time (Minutes),10,114.48788546255506,110.42722664735697,111.08338531919317,105.08859609268512,112.83853273911552,105.47748781187268,113.2215357458076,120.54794520547945,138.83670520231212,109.21348314606743,121.73489278752436,98.6999479979199,107.6893649579189
Time (Minutes),20,121.48678414096914,120.41998551774076,130.35974215013516,114.9477510222626,125.55707919094958,113.33524519644394,125.45454545454547,134.10607657183,110.09754335260115,132.73408239700376,150.77972709551656,100.83203328133126,99.19663351185923
Time (Minutes),30,114.01982378854625,130.48515568428675,133.39571636514867,123.78464334393458,130.54508056222144,115.47175222254087,133.08031774051193,138.70741131015103,151.35476878612715,147.86516853932582,166.37426900584794,97.65990639625586,102.18056618209641
Time (Minutes),40,118.4251101321586,136.10608254887765,138.0952380952381,130.5997273966379,135.1302708261913,120.17493547462004,136.39894086496028,152.65191429574992,158.23699421965318,150.71161048689137,191.9103313840156,98.90795631825273,112.08875286916604
Time (Minutes),50,112.44493392070483,143.38341781317888,160.08525681014763,134.68877782825987,143.38361330133696,125.98221967307141,147.71403353927624,134.59782226905514,123.62716763005778,145.91760299625466,216.95906432748538,96.41185647425897,110.67329762815609
